<?xml version="1.0" encoding="UTF-8"?>
<project-private xmlns="http://www.netbeans.org/ns/project-private/1">
    <editor-bookmarks xmlns="http://www.netbeans.org/ns/editor-bookmarks/2" lastBookmarkId="0"/>
    <open-files xmlns="http://www.netbeans.org/ns/projectui-open-files/2">
        <group>
            <file>file:/E:/Netbeans%20_project/CRUD_exam/src/java/com/kulchuri/crud/employee/EmployeeDao.java</file>
            <file>file:/E:/Netbeans%20_project/CRUD_exam/src/java/com/kulchuri/crud/employee/EmployeeServlet.java</file>
        </group>
    </open-files>
</project-private>
